{
    "parent": "item/generated",
    "textures": {
        "layer0": "./overkill"
    },
    "display": {
        "thirdperson_righthand": {
            "rotation": [ 0, -90, 52 ],
            "translation": [ 0, 5.15, 0.8 ],
            "scale": [ 1.1, 1.1, 1.1 ]
        },
        "thirdperson_lefthand": {
            "rotation": [ 0, 90, -55 ],
            "translation": [ 0, 6.0, -1.0 ],
            "scale": [ 1.1, 1.1, 1.1 ]
        },
        "firstperson_righthand": {
            "rotation": [ 0, -90, 25 ],
            "translation": [ 1.13, 3.2, 1.13 ],
            "scale": [ 0.65, 0.65, 0.65 ]
        },
        "firstperson_lefthand": {
            "rotation": [ 0, 90, -25 ],
            "translation": [ 1.13, 3.2, 1.13 ],
            "scale": [ 0.65, 0.65, 0.65 ]
        }
    }
}
