{
    "parent": "item/generated",
    "textures": {
        "layer0": "./golden_key"
    },
    "display": {
        "thirdperson_righthand": {
            "rotation": [ 0, -90, 55 ],
            "translation": [ 0, 4, -1.0 ],
            "scale": [ 0.55, 0.55, 0.55 ]
        },
        "thirdperson_lefthand": {
            "rotation": [ 0, 90, -55 ],
            "translation": [ 0, 4, -1.0 ],
            "scale": [ 0.55, 0.55, 0.55 ]
        },
        "firstperson_righthand": {
            "rotation": [ 0, -90, 25 ],
            "translation": [ 1.13, 3.7, 1.4 ],
            "scale": [ 0.65, 0.65, 0.65 ]
        },
        "firstperson_lefthand": {
            "rotation": [ 0, 90, -25 ],
            "translation": [ 1.13, 3.7, 1.4 ],
            "scale": [ 0.65, 0.5, 0.65 ]
        }
    }
}
